Avg,RH_Avg,OT
27.75,51.03283333,22.111
27.7604,50.69406667,22.111
27.7396,50.22001667,22.111
27.625,50.32451667,22.111
27.5729,51.57638333,22.111
27.5104,52.55801667,22.111
27.4896,52.94676667,22.111
27.4375,52.83148333,22.111
27.4063,52.74405,22.111
27.6458,52.11276667,22.111
27.7604,51.48951667,22.111
27.8542,51.36205,22.111
27.8542,51.17396667,22.111
27.7916,50.98548333,22.111
27.7604,50.99135,22.111
27.8333,50.66306667,22.111
27.7396,50.71023333,22.111
27.7083,50.4807,22.111
27.7291,50.64468333,22.111
27.7708,50.5606,22.111
27.7083,50.32368333,22.111
27.7083,50.39663333,22.111
27.6354,50.09171667,22.111
27.5625,49.28871667,22.111
27.4688,48.48463333,22.111
27.5,47.62995,22.111
27.4584,47.08221667,22.111
27.4479,46.76145,22.111
27.4063,46.08851667,22.111
27.2917,45.77576667,22.111
27.3541,45.31636667,22.111
27.2812,44.84131667,22.111
27.3021,44.47465,22.111
27.2396,44.69568333,22.111
27.2292,44.81606667,22.111
27.1979,45.28261667,22.111
27.1458,45.35353333,22.111
27.0104,48.20896667,22.111
26.7604,50.70458333,22.111
26.6146,51.79758333,22.111
26.5313,52.94216667,22.111
26.3958,53.99641667,22.111
26.2083,55.05888333,22.111
26.1354,55.3639,22.111
25.875,56.21741667,22.111
25.7708,56.215,22.111
25.6771,55.8615,22
25.6458,56.0417,21.222
25.6563,55.54648333,20.722
25.6459,55.3895,20.5
25.5312,55.50956667,20.222
25.4896,55.58673333,20.111
25.5,55.91038333,19.888
25.5729,55.90368333,19.5
25.6354,56.22368333,18.888
25.6875,56.46095,18.388
25.7187,56.5023,18
25.8021,56.65436667,17.777
25.75,57.12691667,17.611
25.8333,57.42886667,17.5
25.7292,57.47346667,17.388
25.7292,57.16776667,17.222
25.6562,56.79646667,17.111
25.4896,56.51995,16.888
25.3958,56.6864,16.722
25.2083,56.68326667,16.611
25.1979,56.76253333,16.222
24.9896,56.64188333,15.722
24.8542,56.19205,15.611
24.8438,55.22711667,15.722
24.7292,55.18146667,15.888
24.6042,55.2561,16
24.9271,53.80561667,16
24.9375,53.57778333,16.111
24.9792,53.29275,16.111
24.9271,53.1938,15.722
24.7708,53.0984,15.222
24.7917,52.94175,14.888
24.6979,52.9488,14.777
24.6354,52.64123333,14.722
24.5834,52.55366667,14.722
24.5,52.38278333,14.722
24.4479,52.24828333,14.722
24.3646,52.17238333,14.722
24.1146,52.12115,14.722
23.0521,53.78603333,14.722
22.4688,55.00115,14.722
22.1771,55.84561667,14.722
21.8854,56.5027,14.722
21.8021,56.8783,14.722
21.8229,56.8276,14.722
22.5625,54.79615,14.722
23.0729,53.3824,14.722
23.3438,52.83225,14.722
23.4271,52.75903333,14.722
23.4687,52.40631667,14.722
23.5208,52.23245,14.722
23.4271,51.98031667,14.722
23.4479,51.87276667,14.722
23.5625,51.57893333,14.722
23.5729,51.48911667,14.722
23.5833,51.30866667,14.722
23.5209,51.23815,14.722
23.5938,51.15951667,14.722
23.6563,51.08783333,14.722
23.6458,51.04823333,14.722
23.6875,50.8888,14.722
23.6459,50.94078333,14.722
23.6771,50.84223333,14.722
23.6354,50.87523333,14.722
23.6563,50.82828333,14.722
23.6875,50.62288333,14.722
23.6354,50.58753333,14.722
23.7396,50.47413333,14.722
23.6875,50.424,14.722
23.6771,50.35681667,14.722
23.6771,50.3549,14.722
23.6667,50.10535,14.722
23.6771,49.91731667,14.722
23.6354,48.91383333,14.722
23.6875,47.71273333,12.111
23.5625,46.77356667,12.111
23.5208,46.02776667,12.111
23.5312,45.23533333,12.222
23.4584,44.63291667,12.277
23.4271,44.2347,12.5
23.4271,43.58445,12.722
23.3021,42.94168333,12.888
23.1667,42.64356667,13.111
22.9166,42.94063333,13.111
22.8229,42.8716,13.5
22.7083,42.88101667,13.388
22.7708,42.87278333,13.388
22.7188,42.77806667,13.388
22.7813,42.60015,13.388
22.75,42.59001667,13.388
22.7188,42.59716667,13.388
22.7917,42.54721667,13.5
22.7813,42.42265,13.5
22.7604,42.42601667,13.777
22.75,42.26773333,13.888
22.6771,42.35338333,13.777
22.6667,42.3634,13.777
22.625,42.39486667,13.777
22.6667,42.37335,13.777
22.6354,42.5038,13.722
22.5729,42.46783333,13.777
22.6146,42.69166667,14
22.5209,42.57408333,14.111
22.5625,43.37136667,14.111
22.5417,43.51248333,14
22.5834,43.53153333,14
22.6354,43.31528333,14.111
22.5729,43.66906667,14.111
22.5,43.7623,14.222
22.5729,44.1022,14.111
22.5,44.35405,14.111
22.5,44.35405,14
22.5156,44.5012,13.888
22.5,44.645,13.777
22.4792,44.91766667,13.777
22.5,44.97298333,13.777
22.5105,45.0511,13.888
22.4688,45.15401667,13.888
22.4792,45.34461667,13.888
22.5104,45.14041667,14.222
22.5208,45.23228333,14.722
22.4583,45.31063333,14.777
22.375,45.4146,14.777
22.4479,45.61658333,14.611
22.2812,45.58838333,14.5
22.2292,45.64663333,13.888
22.2188,45.74375,13.388
22.1458,45.7931,13.277
22.1042,46.00453333,13.222
21.9896,46.06551667,13.222
21.9895,46.15096667,13.222
21.9271,46.05733333,13.222
21.9062,46.03255,13.222
21.8542,46.03295,13.222
21.8229,46.29196667,13.222
21.6458,47.40448333,13.222
21.4583,48.76991667,13.222
21.2917,49.76285,13.222
21.2083,50.7333,13.222
21.0729,51.4815,13.222
21.0521,51.51628333,13.222
21.125,50.93195,13.222
21.3021,50.17873333,13.222
21.3854,50.02951667,13.222
21.4375,49.96208333,13.222
21.4271,49.61168333,13.222
21.4792,49.38273333,13.222
21.5208,49.4281,13.222
21.4792,49.32538333,13.222
21.4896,49.06421667,13.222
21.5,48.96878333,13.222
21.5417,48.78225,13.222
21.5416,48.77623333,13.222
21.4688,48.84235,13.222
21.5416,48.69573333,13.222
21.5104,48.4514,13.222
21.4584,48.45513333,13.222
21.5521,48.4658,13.222
21.5,48.3981,13.222
21.5312,48.36951667,13.222
21.5521,48.20941667,13.222
21.4583,48.22915,13.222
21.5521,48.17836667,13.222
21.4687,48.0521,13.222
21.4896,48.10008333,13.222
21.5417,48.03813333,13.222
21.5834,47.9264,13.222
21.4792,47.95926667,13.222
21.4687,47.78738333,13.222
21.5521,46.97375,13.222
21.6042,46.12723333,15.5
21.5416,45.50116667,16.277
21.5625,45.01111667,16.777
21.5625,44.65098333,16.888
21.6042,44.09998333,17
21.625,43.88535,17.277
21.5833,43.57768333,17.5
21.6458,43.61576667,17.5
21.6771,43.38903333,18
21.6667,43.12215,18.611
21.7396,42.74831667,18.888
21.7917,42.4703,19
21.8854,42.24108333,19.111
21.9271,41.9095,19.222
22.0521,41.7229,19.388
22.0625,41.58803333,19.611
22.1458,41.45713333,19.5
22.1979,41.47686667,19.722
22.2396,41.54091667,20
22.1771,41.64988333,20
22.2083,41.59995,20.222
22.1667,41.75046667,20.611
22.3125,41.56395,20.722
22.2708,41.5068,20.722
22.25,41.56681667,21
22.3125,41.54903333,21
22.3646,41.81576667,21
22.3958,41.58823333,21.222
22.4895,41.02715,21.277
22.6667,40.37513333,20.777
22.7188,40.12858333,20.777
22.7292,39.73343333,20.888
22.7916,39.5106,20.722
22.9271,39.2861,20.388
22.9896,38.97706667,20.277
23,38.86631667,20.222
23.1042,38.72853333,20.111
23.2292,38.61816667,20
23.2396,38.51075,19.777
23.3021,38.49628333,19.777
23.3854,38.2898,19.611
23.4375,38.10511667,19.5
23.5729,38.00841667,19.277
23.6146,37.7255,19
23.6563,37.57873333,18.611
23.5834,37.6402,18.5
23.6771,37.35631667,18.5
23.7396,37.38135,18.222
23.7084,37.36538333,17.777
23.6979,37.30333333,17.722
23.6042,37.15148333,17.277
23.6458,36.99131667,17
23.6458,36.97578333,17
23.5833,36.93088333,16.888
23.5625,36.82946667,16.777
23.4687,36.9749,16.611
23.3542,37.39251667,16.611
23.1771,37.61991667,16.611
23.2083,37.64003333,16.611
23.2187,37.55181667,16.611
23.2292,37.51293333,16.611
22.9271,39.96208333,16.611
22.6771,41.99878333,16.611
22.5416,43.3104,16.611
22.3646,44.04511667,16.611
22.1354,44.32811667,16.611
22.0625,44.2033,16.611
21.8542,43.61518333,16.611
21.8125,43.66601667,16.611
21.6875,43.34996667,16.611
21.5,43.14261667,16.611
21.4271,43.04561667,16.611
21.375,43.60478333,16.611
21.2187,43.9132,16.611
21.125,44.77153333,16.611
21.0208,45.42596667,16.611
20.9583,46.47816667,16.611
20.9063,47.29546667,16.611
20.8542,47.9752,16.611
20.7187,48.65933333,16.611
20.5833,49.11828333,16.611
20.5625,49.5306,16.611
20.4479,49.83356667,16.611
20.4062,50.35911667,16.611
20.3542,50.73575,16.611
20.2396,50.73541667,16.611
20.1875,50.69223333,16.611
20.1979,51.03688333,16.611
20.0521,51.34056667,16.611
20.0833,51.29731667,16.611
19.9687,51.70211667,16.611
19.9375,51.79913333,16.611
19.8438,51.84355,16.611
19.8229,51.96871667,16.611
19.8229,51.95506667,16.611
19.9896,50.35061667,16.611
20.2292,48.7935,15.722
20.3854,47.72508333,16.388
20.4792,46.82178333,17
20.4791,46.08691667,17
20.5938,45.4504,17.722
20.625,45.07386667,18.388
20.6666,44.7378,18.722
20.6875,44.56798333,18.888
20.7604,44.31503333,19.222
20.7812,43.83911667,19.611
20.875,43.4823,19.611
20.9896,43.13855,19.388
21.0208,42.77421667,19.388
21.2083,42.45483333,19.388
21.3021,42.3232,19.5
21.3542,41.9903,19.611
21.4792,41.7782,19.777
21.625,41.60983333,19.888
21.625,41.38431667,19.888
21.625,41.2745,19.777
21.625,41.11605,19.888
21.625,40.89183333,20.388
21.625,40.75266667,20.388
21.625,40.62976667,20.111
21.625,40.49023333,20
21.625,40.38226667,19.777
21.625,40.27235,19.388
21.625,40.22133333,19.222
21.625,40.1002,19.388
21.625,40.06443333,19.277
21.625,39.87228333,19.222
21.625,39.79598333,19.277
21.625,39.71396667,19.222
21.625,39.604,19
21.625,39.48093333,18.777
21.625,39.54568333,18.611
21.625,39.45831667,18.277
21.625,39.32841667,18.111
21.625,39.33985,18
21.625,39.29176667,17.611
21.625,39.25601667,16.888
21.625,39.33793333,16.611
21.625,39.45633333,16.5
21.625,39.54023333,16.277
21.625,39.56021667,16.111
21.625,39.61886667,16.222
21.625,39.68046667,16.611
21.625,39.84401667,16.611
21.625,40.08071667,16.277
21.625,40.38608333,16.5
21.625,40.48468333,16.388
21.625,40.44216667,16.277
21.625,40.65488333,16.222
21.625,40.7781,16.222
21.625,40.9862,16.111
21.625,41.132,16
21.625,41.3496,16
21.625,41.38523333,16
21.625,41.63655,16
21.625,41.61551667,16
21.625,41.64261667,16
21.625,41.82048333,16
21.625,42.316,16
21.625,42.35593333,16
21.625,42.71856667,16
21.625,42.77343333,16
21.625,42.6921,16
21.625,42.92123333,16
21.625,42.73451667,16
21.625,42.87733333,16
21.625,43.1467,16
21.625,43.42,16
21.625,43.60788333,16
21.625,43.86203333,16
21.625,44.0289,16
21.625,44.23551667,16
21.625,44.4108,16
21.625,44.78993333,16
21.625,44.94946667,16
21.625,45.32983333,16
21.625,45.49956667,16
21.625,45.71595,16
21.625,45.77128333,16
21.625,45.87538333,16
21.625,45.87038333,16
21.625,45.93828333,16
21.625,45.95155,16
21.625,46.03718333,16
21.625,46.1219,16
21.625,46.20078333,16
21.625,46.29948333,16
21.625,46.63011667,16
21.625,46.78923333,16
21.625,47.09476667,16
21.625,47.2297,16
21.625,46.59208333,16
21.625,45.89793333,14.777
21.625,45.22305,14.777
21.625,44.92651667,14.722
21.625,44.47321667,14.888
21.625,44.22791667,15.222
21.625,43.95851667,16
21.625,43.72093333,16.888
21.625,43.64091667,17.388
21.625,43.40385,18.222
21.625,43.24006667,19.111
21.625,43.0898,19.5
21.625,42.95685,19.888
21.625,42.71991667,20.222
21.625,42.61121667,20
21.625,42.57748333,20.722
21.625,42.45461667,21.888
21.625,42.36536667,21.888
21.625,42.39725,21.277
21.625,42.37266667,21.5
21.625,42.26783333,21.722
21.625,42.06828333,21.888
21.625,41.89291667,23.111
21.625,41.77063333,23.777
21.625,41.65355,23.722
21.625,41.53136667,24
21.625,41.47605,24.611
21.625,41.3411,24.888
21.625,41.273,25.277
21.625,41.2434,25.277
21.625,41.23866667,25.222
21.625,41.13686667,25
21.625,41.12748333,24.777
21.625,41.19211667,25.111
21.625,41.12431667,25.222
21.625,41.12648333,24.888
21.625,41.06798333,24.388
21.625,41.15278333,23.777
21.625,41.11528333,23.5
21.625,41.17105,23.277
21.625,41.05256667,23
21.625,41.00928333,22.777
21.625,40.94216667,22.777
21.625,41.87513333,22.777
21.625,41.63146667,22.611
21.625,41.40663333,22.611
21.625,41.2038,22.5
21.625,41.22101667,22.722
21.625,41.10001667,22.5
21.625,40.95695,22.388
21.625,41.04806667,22.111
21.625,41.1125,21.611
21.625,41.1443,20.888
21.625,41.31646667,20.388
21.625,41.36413333,20.222
21.625,41.53593333,20.222
21.625,41.64265,20.222
21.625,41.64483333,20.222
21.625,41.53305,20.222
21.625,41.50343333,20.222
21.625,41.55825,20.222
21.625,41.8001,20.222
21.625,44.60385,20.222
21.625,46.92565,20.222
21.625,47.8363,20.222
21.625,48.449,20.222
21.625,48.89443333,20.222
21.625,49.07121667,20.222
21.625,48.92581667,20.222
21.625,48.48256667,20.222
21.625,48.22435,20.222
21.625,47.94866667,20.222
21.625,47.74303333,20.222
21.625,47.63685,20.222
21.625,48.25853333,20.222
21.625,48.72148333,20.222
21.625,48.91966667,20.222
21.625,49.18308333,20.222
21.625,49.48473333,20.222
21.625,49.60406667,20.222
21.625,49.70791667,20.222
21.625,49.7642,20.222
21.625,49.96316667,20.222
21.625,50.10973333,20.222
21.625,50.27488333,20.222
21.625,50.47595,20.222
21.625,50.57676667,20.222
21.625,50.559,20.222
21.625,50.86975,20.222
21.625,51.10461667,20.222
21.625,51.40195,20.222
21.625,51.60376667,20.222
21.625,51.92511667,20.222
21.625,52.06933333,20.222
21.625,52.16681667,20.222
21.625,52.19273333,20.222
21.625,51.3667,20.222
21.625,50.3746,23.777
21.625,49.61563333,23.5
21.625,48.97611667,23.5
21.625,48.413,23.722
21.625,47.8442,24.222
21.625,47.39341667,24.611
21.625,46.92816667,24.777
21.625,46.55113333,24.722
21.625,46.27543333,24.388
21.625,45.96343333,24.388
21.625,45.75436667,24.611
21.625,45.45493333,24.888
21.625,45.21345,25.222
21.625,44.93908333,25.5
21.625,44.76686667,25.5
21.625,44.45953333,25.777
21.625,44.32586667,25.722
21.625,44.0838,26.222
21.625,43.9586,26.388
21.625,43.74046667,26.111
21.625,43.503,25.222
21.625,43.38061667,24.5
21.625,43.12963333,25
21.625,43.15055,25.611
21.625,43.072,25.5
21.625,42.9162,25.611
21.625,42.80678333,25.611
21.625,42.6375,25.722
21.625,42.51521667,26.388
21.625,42.27781667,27
21.625,42.22711667,26.888
21.625,42.25925,27.111
21.625,42.11793333,27.277
21.625,41.96435,27
21.625,41.91111667,26.5
21.625,41.84155,26.277
21.625,41.8014,25.777
21.625,41.9845,25.611
21.625,41.7666,26
21.625,41.75955,26.111
21.625,41.55765,25.722
21.625,41.46735,25.111
21.625,41.31386667,24.777
21.625,41.25795,24.5
21.625,41.20315,24.222
21.625,40.91173333,24.111
21.625,40.65505,24.111
21.625,40.62855,23.888
21.625,40.34641667,23.5
21.625,40.20848333,23.111
21.625,40.25701667,22.5
21.625,40.20606667,22
21.625,40.32911667,21.277
21.625,40.26703333,20.888
21.625,40.1581,20.722
21.625,40.12288333,20.5
21.625,40.03933333,20.5
21.625,40.0306,20.5
21.625,40.04983333,20.5
21.625,39.92051667,20.5
21.625,39.91283333,20.5
21.625,40.84881667,20.5
21.625,41.43796667,20.5
21.625,41.47123333,20.5
21.625,40.9586,20.5
21.625,40.08358333,20.5
21.625,39.15518333,20.5
21.625,39.22253333,20.5
21.625,39.37428333,20.5
21.625,39.70735,20.5
21.625,40.0312,20.5
21.625,40.34908333,20.5
21.625,40.60776667,20.5
21.625,40.86175,20.5
21.625,40.93816667,20.5
21.625,41.18778333,20.5
21.625,41.39003333,20.5
21.625,43.01073333,20.5
21.625,44.02901667,20.5
21.625,44.40148333,20.5
21.625,44.40513333,20.5
21.625,44.39696667,20.5
21.625,44.30973333,20.5
21.625,44.32965,20.5
21.625,44.27133333,20.5
21.625,44.0793,20.5
21.625,44.15526667,20.5
21.625,44.0378,20.5
21.625,43.94901667,20.5
21.625,44.00965,20.5
21.625,44.41521667,20.5
21.625,44.5603,20.5
21.625,44.85813333,20.5
21.625,45.15093333,20.5
21.625,45.12331667,20.5
21.625,44.4844,20.5
21.625,43.82316667,21.777
21.625,43.08025,22
21.625,42.92343333,22.222
21.625,42.50531667,22.777
21.625,41.84923333,22.888
21.625,41.65236667,22.777
21.625,41.72401667,23.277
21.625,41.85515,23.777
21.625,41.62071667,24.277
21.625,41.4684,24.722
21.625,41.25865,24.777
21.625,41.10373333,25
21.625,40.84303333,25.222
21.625,40.69395,25.277
21.625,40.53521667,25.388
21.625,40.42728333,25.722
21.625,40.16676667,25.777
21.625,40.06008333,26
21.625,40.01981667,26
21.625,39.785,25.611
21.625,39.62211667,25.388
21.625,39.50426667,25.277
21.625,39.34626667,25.722
21.625,39.25993333,26
21.625,39.12108333,25.777
21.625,39.02031667,25.777
21.625,38.99925,25.888
21.625,38.8629,25.888
21.625,38.68173333,25.777
21.625,38.56423333,25.5
21.625,38.55165,25.388
21.625,38.37976667,25.388
21.625,38.27038333,25.222
21.625,38.2887,25.111
21.625,38.17256667,24.777
21.625,37.98401667,24.5
21.625,37.92791667,24.111
21.625,37.91366667,23.611
21.625,37.96806667,23.222
21.625,38.09406667,22.722
21.625,38.2276,22.388
21.625,38.17705,22.111
21.625,38.13978333,21.777
21.625,38.11985,21.5
21.625,38.17448333,21.222
21.625,38.16061667,20.888
21.625,38.18363333,20.611
21.625,37.95508333,20.222
21.625,37.89483333,20.111
21.625,38.0679,19.888
21.625,38.1156,19.611
21.625,38.16765,19.5
21.625,38.43918333,19.277
21.625,38.51348333,19
21.625,38.54473333,18.722
21.625,38.57918333,18.611
21.625,38.63271667,18.611
21.625,38.69368333,18.611
21.625,38.77218333,18.611
21.625,38.91241667,18.611
21.625,39.33243333,18.611
21.625,40.93413333,18.611
21.625,41.9324,18.611
21.625,42.46656667,18.611
21.625,42.99953333,18.611
21.625,43.6848,18.611
21.625,43.60236667,18.611
21.625,42.7524,18.611
21.625,42.7119,18.611
21.625,42.56948333,18.611
21.625,42.57203333,18.611
21.625,42.68978333,18.611
21.625,42.80868333,18.611
21.625,42.9206,18.611
21.625,43.1367,18.611
21.625,43.21053333,18.611
21.625,43.53161667,18.611
21.625,43.52805,18.611
21.625,43.68458333,18.611
21.625,43.70111667,18.611
21.625,43.80851667,18.611
21.625,43.73128333,18.611
21.625,43.8716,18.611
21.625,43.8029,18.611
21.625,43.8366,18.611
21.625,43.83318333,18.611
21.625,43.96488333,18.611
21.625,44.0146,18.611
21.625,44.02301667,18.611
21.625,44.29806667,18.611
21.625,44.42671667,18.611
21.625,44.3956,18.611
21.625,44.60341667,18.611
21.625,44.60341667,18.611
21.625,44.60341667,18.611
21.625,44.60341667,18.611
21.625,44.60341667,21.5
21.625,44.60341667,21.777
21.625,44.60341667,22.5
21.625,44.60341667,23.277
21.625,44.60341667,24.111
21.625,44.60341667,24.5
21.625,44.60341667,25
21.625,44.60341667,25.277
21.625,41.45878333,25.222
21.625,42.78368333,25.5
21.625,43.45201667,26
21.625,44.09178333,26.222
21.625,44.44105,26.277
21.625,44.50378333,26.777
21.625,45.22533333,27.722
21.625,45.38983333,28.611
21.625,45.66008333,28.722
21.625,46.18268333,28.777
21.625,45.68378333,29
21.625,46.1882,29.111
21.625,46.05495,29.611
21.625,45.60398333,29.888
21.625,45.4793,30
21.625,44.97873333,30
21.625,45.26296667,30.111
21.625,45.16251667,30
21.625,44.82326667,29.777
21.625,45.09633333,29.888
21.625,44.72943333,29.722
21.625,44.30091667,29.388
21.625,44.71663333,29.611
21.625,44.50641667,29.611
21.625,44.73465,29.277
21.625,44.81308333,28.888
21.625,44.72346667,28.5
21.625,44.74846667,28.222
21.625,44.7858,27.888
21.625,44.8511,27.722
21.625,45.28105,27.5
21.625,45.41561667,27.388
21.625,45.26653333,27.277
21.625,45.48306667,27.222
21.625,45.57316667,25.777
21.625,46.00431667,24.111
21.625,46.1157,23.388
21.625,45.78041667,23.111
21.625,45.58298333,23.111
21.625,45.7544,22.5
21.625,45.78853333,21.888
21.625,45.74551667,21.888
21.625,45.81778333,21.888
21.625,45.93298333,21.722
21.625,45.56506667,21.5
21.625,45.5638,21.222
21.625,45.31486667,20.777
21.625,45.17525,20.777
21.625,44.72758333,20.777
21.625,44.28585,20.777
21.625,43.88611667,20.777
21.625,43.53053333,20.777
21.625,43.43336667,20.777
21.625,44.90615,20.777
21.625,45.98636667,20.777
21.625,47.32991667,20.777
21.625,48.53926667,20.777
21.625,49.48781667,20.777
21.625,50.07891667,20.777
21.625,50.48498333,20.777
21.625,50.78876667,20.777
21.625,51.08131667,20.777
21.625,51.04658333,20.777
21.625,51.10458333,20.777
21.625,51.18283333,20.777
21.625,51.51751667,20.777
21.625,51.62731667,20.777
21.625,51.69668333,20.777
21.625,51.82896667,20.777
21.625,52.10991667,20.777
21.625,52.28553333,20.777
21.625,52.4624,20.777
21.625,52.55951667,20.777
21.625,52.67008333,20.777
21.625,52.75463333,20.777
21.625,52.75103333,20.777
21.625,52.80881667,20.777
21.625,52.97335,20.777
21.625,53.16556667,20.777
21.625,53.1754,20.777
21.625,53.21853333,20.777
21.625,53.37846667,20.777
21.625,53.49913333,20.777
21.625,53.62373333,20.777
21.625,53.7341,20.777
21.625,53.72191667,20.777
21.625,53.62745,20.777
21.625,52.78708333,20.777
21.625,51.7169,23.388
21.625,51.10013333,24.111
21.625,50.64571667,24.888
21.625,50.23605,25
21.625,49.8905,25.222
21.625,49.3857,25.611
21.625,49.06288333,25.777
21.625,48.86775,25.777
21.625,48.58646667,26.222
21.625,48.48055,26.777
21.625,47.99041667,27.5
21.625,48.11775,28
21.625,49.27221667,27.888
21.625,49.13065,28.111
21.625,51.9077,28.722
21.625,53.40343333,28.777
21.625,53.39738333,29
21.625,53.11608333,29.777
21.625,52.74995,30.111
21.625,52.70303333,29.888
21.625,52.31798333,30.111
21.625,51.83483333,30.277
21.625,51.4738,30.222
21.625,51.04775,30.222
21.625,50.62813333,30.222
21.625,49.94513333,30.111
21.625,49.40296667,30.277
21.625,48.88238333,30.5
21.625,48.38668333,30.277
21.625,47.8181,30.111
21.625,47.04055,30.111
21.625,46.65525,30
21.625,46.31965,29.777
21.625,44.80621667,29.611
21.625,43.64256667,29.611
21.625,43.11611667,28.5
21.625,42.33318333,28.277
21.625,41.812,28.277
21.625,41.61301667,28.222
21.625,41.53515,28.111
21.625,41.34098333,27.888
21.625,41.24915,27.611
21.625,41.22748333,27.111
21.625,40.87678333,26.611
21.625,40.53473333,26.222
21.625,40.08745,26
21.625,39.7734,26
21.625,39.5001,25.388
21.625,39.54456667,25
21.625,39.86558333,25
21.625,40.19375,24.777
21.625,40.28976667,24.611
21.625,40.4211,24.5
21.625,40.5568,24.277
21.625,40.62665,24.222
21.625,40.81598333,24
21.625,40.59481667,24
21.625,40.45345,24
21.625,40.47298333,24
21.625,40.54503333,24
21.625,40.35315,24
21.625,40.42421667,24
21.625,40.91013333,24
21.625,41.45305,24
21.625,41.91128333,24
21.625,42.07916667,24
21.625,41.99265,24
21.625,42.60505,24
21.625,42.88116667,24
21.625,42.94835,24
21.625,43.09996667,24
21.625,43.31145,24
21.625,43.6645,24
21.625,44.0514,24
21.625,44.21168333,24
21.625,44.33278333,24
21.625,44.61416667,24
21.625,44.88106667,24
21.625,45.11706667,24
21.625,45.02481667,24
21.625,45.18238333,24
21.625,45.41536667,24
21.625,45.43631667,24
21.625,45.47523333,24
21.625,45.42216667,24
21.625,45.86913333,24
21.625,46.1956,24
21.625,46.12691667,24
21.625,46.38373333,24
21.625,46.53753333,24
21.625,46.73976667,24
21.625,47.02211667,24
21.625,47.15596667,24
21.625,47.22986667,24
21.625,47.40995,24
21.625,46.8807,24
21.625,46.49101667,25.5
21.625,46.19246667,25.611
21.625,46.60028333,25.722
21.625,46.1489,26
21.625,45.93571667,27.222
21.625,45.75483333,27.388
21.625,45.95675,27.388
21.625,46.05093333,27.5
21.625,46.37155,27.888
21.625,46.08105,28.222
21.625,45.72266667,28.777
21.625,45.16976667,28.777
21.625,44.58785,28.222
21.625,44.22228333,28.111
21.625,43.62838333,28.388
21.625,43.24046667,28.388
21.625,42.72711667,28.722
21.625,41.97368333,28.5
21.625,41.22371667,28.722
21.625,40.83691667,29
21.625,40.94695,29
21.625,40.85151667,29.222
21.625,40.69401667,29.777
21.625,40.64261667,29.888
21.625,40.55485,29.722
21.625,40.46631667,29.5
21.625,40.67808333,29.5
21.625,40.66053333,29.5
21.625,40.87121667,29.5
21.625,40.73561667,29.5
21.625,40.84695,29.5
21.625,40.70381667,29.5
21.625,40.86401667,29.5
21.625,40.93133333,29.5
21.625,40.86138333,29.5
21.625,40.69628333,29.5
21.625,40.33845,29.5
21.625,40.35371667,29.5
21.625,40.1658,29.5
21.625,40.1512,29.5
21.625,39.96731667,29.5
21.625,39.78775,29.5
21.625,39.75505,29.5
21.625,39.7286,29.5
21.625,39.8448,29.5
21.625,39.96836667,29.5
21.625,40.16116667,29.5
21.625,40.18798333,29.5
21.625,40.3496,29.5
21.625,40.15156667,29.5
21.625,40.26843333,29.5
21.625,40.17601667,29.5
21.625,40.10453333,29.5
21.625,40.12726667,29.5
21.625,40.23455,29.5
21.625,40.21136667,29.5
21.625,40.66201667,29.5
21.625,40.808,29.5
21.625,40.46271667,29.5
21.625,40.37,29.5
21.625,40.40551667,29.5
21.625,41.10393333,29.5
21.625,41.86213333,29.5
21.625,42.15933333,29.5
21.625,42.49478333,29.5
21.625,42.62595,29.5
21.625,42.82013333,29.5
21.625,42.78983333,29.5
21.625,42.76405,29.5
21.625,42.75795,29.5
21.625,42.85366667,29.5
21.625,42.89273333,29.5
21.625,42.88538333,29.5
21.625,42.89783333,29.5
21.625,42.94253333,29.5
21.625,42.9436,29.5
21.625,43.07288333,29.5
21.625,43.05125,29.5
21.625,43.07633333,29.5
21.625,43.27286667,29.5
21.625,43.21103333,29.5
21.625,43.27773333,29.5
21.625,43.33016667,29.5
21.625,43.97273333,29.5
21.625,44.7538,29.5
21.625,45.13861667,29.5
21.625,45.55471667,29.5
21.625,45.81215,29.5
21.625,46.04981667,29.5
21.625,46.22943333,29.5
21.625,46.44218333,29.5
21.625,46.60393333,29.5
21.625,46.83971667,29.5
21.625,47.16726667,29.5
21.625,47.2923,29.5
21.625,46.63668333,29.5
21.625,45.67668333,29.5
21.625,44.96591667,29.5
21.625,44.462,29.5
21.625,43.96728333,29.5
21.625,43.4148,29.5
21.625,43.01958333,29.5
21.625,42.8293,29.5
21.625,42.72123333,29.5
26.5938,44.11575,29.5
26.6563,43.79165,29.5
26.6875,43.6069,29.5
26.7396,43.47465,29.5
26.8542,43.22035,29.5
26.9271,43.03905,29.5
27.0521,43.0098,29.5
27.0417,43.05921667,29.5
27.2604,43.43031667,29.5
27.2604,50.18353333,29.5
27.3854,53.21051667,29.5
27.625,54.07293333,29.5
27.8854,54.12235,29.5
28.0833,54.32003333,29.5
28.2916,53.89791667,29.5
28.5313,53.68615,29.5
28.6875,53.56285,29.5
28.8229,53.2284,29.5
29.0104,52.58955,29.5
29.1979,51.97405,29.5
29.3958,51.70733333,29.5
29.5208,51.45211667,33.277
29.7604,51.35066667,33.277
29.9167,50.82258333,33.388
30.0521,50.55963333,33.388
30.2708,50.00206667,33.222
30.3334,50.0011,33
30.4375,49.90465,32.722
30.5834,49.76463333,32.222
30.7917,49.39003333,31.722
31.0417,49.1799,31.611
31.1667,49.0917,31.611
31.2917,48.47775,31.5
31.3854,47.88531667,31.277
31.5729,46.9864,31.111
31.5729,46.3473,31
31.75,45.8133,30.722
31.7813,45.58426667,30.388
31.8021,45.29211667,30.222
31.7917,44.75933333,30.111
31.8645,44.82016667,29.888
31.8438,44.85778333,29.777
31.7917,44.87038333,29.722
31.7604,44.8311,29.5
31.5313,44.95285,29.222
31.375,44.98221667,29
31.3021,44.17796667,28.777
31.1354,43.42611667,28.611
31.0104,43.5814,28.611
30.9375,43.90728333,28.611
30.8854,44.19565,28.611
30.7188,44.82178333,28.611
30.5,44.86151667,28.611
30.5313,45.47058333,28.611
30.4583,46.3009,28.611
30.4167,46.70511667,28.611
30.3542,47.42736667,28.611
30.2396,48.22598333,28.611
30.25,48.90303333,28.611
30.2188,49.30558333,28.611
30.25,49.44965,28.611
30.2187,49.62405,28.611
30.1666,50.1673,28.611
30.1458,50.6312,28.611
30.125,51.00383333,28.611
30.0417,51.5996,28.611
30.0104,51.86001667,28.611
29.9583,52.08773333,28.611
29.9479,52.34708333,28.611
29.9062,52.61673333,28.611
29.8854,52.85653333,28.611
29.8021,53.09126667,28.611
29.8229,53.3719,28.611
29.7604,53.71958333,28.611
29.7292,53.87273333,28.611
29.7292,54.31878333,28.611
29.6771,54.6607,28.611
29.6458,55.02975,28.611
29.6041,55.53608333,28.611
29.5104,55.72521667,28.611
29.4688,56.1776,28.611
29.5104,56.26676667,28.611
29.4792,56.63008333,28.611
29.4271,56.9302,28.611
29.4063,57.18865,28.611
29.4271,57.41656667,28.611
29.3021,57.3982,28.611
29.1563,57.23256667,28.611
29.0938,56.84488333,30.5
29.0833,56.38978333,30.611
29.0833,56.98161667,30.777
29.2187,56.90941667,31.111
29.2917,55.51645,31.277
29.3646,54.08976667,31.777
29.3542,52.88473333,32.111
29.3334,52.4918,32.222
29.4479,51.82255,32.611
29.5833,51.15196667,33.111
29.5833,50.84941667,33.277
29.6146,53.05598333,33.388
29.4167,58.84795,33.888
29.3959,60.28413333,33.888
29.5417,60.15441667,33.611
29.7396,59.84375,33.277
29.8125,59.67313333,32.888
29.9375,58.67588333,33
30.1146,57.7149,33.111
30.1875,57.54833333,33.111
30.4791,56.92578333,33.222
30.6041,56.30801667,33.277
30.6771,54.99921667,33.222
30.8958,53.86505,33.5
30.9167,53.20245,34.277
31.0729,52.27461667,34.888
31.25,51.57235,35.222
31.3542,50.9007,34.777
31.4792,50.68528333,33.888
31.5834,50.734,33.388
31.6563,50.76578333,33.277
31.5729,50.7265,33.111
31.6875,50.68466667,33.388
31.6563,50.25435,33.5
31.7604,49.74435,33.222
31.8959,49.20298333,32.888
32,48.90251667,32.777
32.0417,48.26175,32.722
31.9688,47.83726667,32.388
32.2083,47.4249,32
32.4271,46.20403333,31.777
32.6666,45.73656667,31.5
32.875,45.0086,31.222
32.8854,43.84821667,31
32.6354,42.57896667,31
32.4063,42.21396667,30.722
32.3229,41.67526667,30.5
32.375,41.25741667,30.277
32.3854,41.05571667,30.111
32.4375,41.31541667,29.888
32.3438,41.70738333,29.777
32.2395,41.67325,29.722
32.0729,41.60743333,29.611
32.0729,41.16656667,29.5
31.9479,40.86266667,29.277
31.8542,40.8101,29.222
31.8438,40.61893333,29.222
31.8125,40.36285,29.222
31.7083,40.26466667,29.222
31.6458,40.19171667,29.222
31.625,40.27871667,29.222
31.4791,45.32735,29.222
31.3854,49.42881667,29.222
31.2812,51.25058333,29.222
31.1875,52.21473333,29.222
31.0312,53.29601667,29.222
30.9792,53.83315,29.222
31.0938,53.42375,29.222
31.1875,53.25925,29.222
31.2396,53.2096,29.222
31.3021,53.32745,29.222
31.1771,53.6791,29.222
31.1667,53.54756667,29.222
31.125,53.55945,29.222
31.1146,53.42523333,29.222
31.1146,53.31076667,29.222
30.9167,53.35256667,29.222
30.9583,53.09278333,29.222
31.0417,52.5365,29.222
31.0833,51.9892,29.222
31.1355,51.93781667,29.222
31.1979,51.87606667,29.222
31.1875,51.63998333,29.222
31.1563,51.4029,29.222
31.1667,51.28366667,29.222
31.1146,51.13268333,29.222
31.125,50.99941667,29.222
31.125,50.91655,29.222
31.1041,50.69195,29.222
31.0313,50.54425,29.222
31.0625,50.44506667,29.222
30.6667,48.0912,29.222
30.1354,46.40246667,29.222
29.8021,46.29153333,29.222
29.8021,46.24218333,29.222
29.8125,45.27545,29.222
29.9479,44.2236,27.722
30.0625,43.373,28
29.9375,43.00908333,28.222
29.9583,42.36708333,28.722
30.0313,41.7129,28.777
30.0521,41.47886667,28.611
30.0729,41.33955,28.722
30.1042,41.14703333,28.888
30.0937,40.98233333,29.111
30.1354,40.77458333,29.222
30.2396,40.54475,29.222
30.1667,40.46601667,29.388
30.2292,40.3794,29.388
30.2708,40.19955,29.777
30.3021,40.00465,30.222
30.3438,39.7327,30.111
30.3958,39.58011667,30.388
30.4895,39.34488333,30.611
30.5104,39.7708,30.611
30.5521,40.45828333,30.722
30.6459,40.99951667,30.611
30.7083,41.14198333,30.611
30.6771,41.15825,30.777
30.6459,41.55958333,30.722
30.5625,41.35015,30.722
30.6563,41.15098333,30.777
30.6875,39.99188333,30.722
30.6146,39.40955,30.888
30.6979,38.65268333,31
30.7188,38.06328333,31
30.7604,37.52025,31
30.8125,37.24303333,30.777
30.75,36.72223333,30.777
30.7917,37.38921667,30.722
30.8646,38.13113333,30.722
30.9792,38.02628333,30.5
31.0625,37.5694,30
31.1875,37.0611,29.611
31.3125,36.57323333,29.5
31.5416,36.2721,29.277
31.5521,35.80806667,29.111
31.6458,35.43956667,29
31.7604,35.20626667,29
31.875,35.05315,28.888
32.0208,34.63065,28.777
32.1563,34.48988333,28.888
32.3646,34.15385,29
32.4479,33.86761667,29.111
32.4791,33.74856667,28.777
32.5208,33.62998333,28.277
32.5104,33.50588333,28
32.4896,33.40418333,27.777
32.3333,33.33163333,27.722
32.1562,33.4376,27.888
32.1146,33.462,27.722
31.9271,33.2724,26.888
31.9167,32.9031,26.888
31.8125,32.7703,26.888
31.7187,32.64805,26.888
31.6146,32.59735,26.888
31.5938,32.5194,26.888
31.4375,34.92973333,26.888
31.4062,36.2787,26.888
31.3333,37.20063333,26.888
31.2812,38.79541667,26.888
31.1979,39.6139,26.888
31.2188,39.94158333,26.888
31.1875,40.048,26.888
31.1354,39.729,26.888
31.0104,39.6225,26.888
30.8958,40.47956667,26.888
30.8646,41.75596667,26.888
30.7708,42.65773333,26.888
30.7291,43.01665,26.888
30.6667,42.58668333,26.888
30.6146,41.71753333,26.888
30.4479,41.3223,26.888
30.4167,41.61765,26.888
30.3959,41.8944,26.888
30.3021,42.24815,26.888
30.2917,42.726,26.888
30.2187,43.0649,26.888
30.1875,43.2376,26.888
30.0833,43.46246667,26.888
30.0417,43.76136667,26.888
30.0104,44.05168333,26.888
29.9271,44.25216667,26.888
29.8854,44.85293333,26.888
29.7812,45.36276667,26.888
29.7604,45.83646667,26.888
29.7187,46.34891667,26.888
29.6459,46.7355,26.888
29.6667,47.08058333,26.888
29.5938,47.38243333,26.888
29.5417,47.62126667,26.888
29.5938,47.36173333,26.888
29.6562,46.93745,29.111
29.8229,46.33106667,29.277
29.8646,46.09005,30.111
29.9062,45.88051667,30.388
30.0104,45.39596667,30.888
30.0834,45.28326667,31.222
30.1771,45.33708333,31.611
30.1146,45.93571667,31.888
30.0938,46.69103333,32.277
30.0937,46.86651667,32.722
30.2604,46.71618333,32.5
30.1771,47.35245,32.5
30.2813,47.10391667,32.722
30.3437,45.55628333,32.777
30.3438,44.36906667,32.5
30.3958,43.40085,32.888
30.4271,42.4437,33.722
30.4375,41.9087,34.111
30.5938,41.31036667,34.111
30.6354,40.89636667,33.5
30.5625,40.68778333,33.5
30.6562,40.29583333,33.222
30.6146,39.82183333,32.888
30.7292,39.63658333,33.111
30.8437,39.2561,32.611
30.9166,39.05696667,32.222
30.9376,38.7956,32.222
31.0209,38.62871667,31.611
31.125,38.54721667,30.722
31.125,38.46366667,30.222
31.2292,38.34115,29.722
31.25,38.42005,29.5
31.2917,38.48641667,29.222
31.3958,38.33963333,28.777
31.4792,38.19131667,28.722
31.4791,38.04761667,28.5
31.6042,38.07125,27.777
31.6458,37.83268333,26.888
31.7084,37.53041667,26.388
31.7292,37.53248333,26.222
31.6979,37.59286667,25.5
31.6875,37.33308333,24.5
31.7396,37.2538,24.277
31.75,37.70486667,24.5
31.6771,37.70545,24.611
31.5729,37.75415,24.611
31.6875,37.68425,24.388
31.6562,37.67871667,24.277
31.6458,37.71475,24.111
31.6563,37.82895,24.111
31.7396,37.71198333,24.222
31.6771,37.98303333,24.222
31.6459,38.00253333,24.111
31.6562,37.97343333,24
31.6042,37.96323333,23.777
31.5104,38.0066,24
31.4687,38.09146667,24
31.4062,38.22641667,24
31.3958,38.35728333,24
31.2396,38.52208333,24
31.2604,39.278,24
30.8958,45.39161667,24
30.6771,49.41465,24
30.4791,51.8988,24
30.4271,53.35286667,24
30.2708,54.53195,24
30.1979,55.2728,24
30.0104,56.01496667,24
29.9375,56.4088,24
29.8437,56.68628333,24
29.7083,57.02705,24
29.7812,57.57083333,24
29.6458,57.94596667,24
29.5729,57.97563333,24
29.4896,57.90195,24
29.3854,58.28606667,24
29.4271,58.38318333,24
29.3229,58.7275,24
29.25,59.06295,24
29.1771,59.46036667,24
29.1146,59.57121667,24
29.1041,59.79646667,24
29.0625,60.07093333,24
29.0104,60.33496667,24
28.9687,60.5491,24
28.9167,60.84121667,24
28.7916,60.99655,24
28.7916,61.26385,24
28.8125,61.26703333,24
28.6667,61.70183333,24
28.7292,62.16211667,24
28.625,62.78943333,24
28.6563,63.81615,24
28.5729,64.24666667,24
28.5625,64.48603333,24
28.7396,63.40601667,24
28.9583,61.86068333,27
29.0521,61.01345,27.611
29.1563,60.14246667,27.277
29.1354,59.6553,27.111
29.2083,59.05298333,27.5
29.2604,58.97601667,27.722
29.1771,59.76633333,27.5
29.0938,60.0342,27.5
29.1354,59.24503333,27.722
29.0313,59.87205,27.722
29.1355,60.806,27.777
29.0833,61.71201667,28.222
29.1459,61.65161667,28.722
29.125,61.28685,29.222
28.9792,60.29091667,29.888
28.7813,59.9184,30.5
28.9583,59.81166667,31.111
29.0938,59.63763333,31.222
28.9583,59.58205,31.277
28.9062,59.07546667,31.611
29,58.45535,31.888
29,58.51856667,31.722
29.0625,58.66776667,31.5
29.0104,58.43905,31.722
29.0208,58.61158333,31.722
29.0208,58.60821667,31.611
29,58.4426,32
29.25,57.63805,32.222
29.2708,57.00598333,32.222
29.3229,56.84388333,32.111
29.6042,56.31023333,31.388
29.6146,55.82943333,31.222
29.8646,54.95635,30.888
30.0417,54.1175,31
30.1562,53.32975,31.111
30.3021,52.39835,31.111
30.4271,52.04576667,31.222
30.5417,51.91228333,31.222
30.5833,51.37886667,31
30.75,50.81021667,30.722
30.7812,50.28496667,30.388
30.7604,50.61948333,30.277
30.9688,50.78018333,30.111
31.0833,50.44628333,30
31.3229,50.15446667,29.888
31.2917,50.0447,29.888
31.1875,50.57831667,29.888
31.0312,51.71511667,29.888
30.9791,52.75281667,30
31.0104,52.71288333,30
30.9375,53.05501667,29.388
30.9896,53.33955,28.277
30.9271,52.56433333,27.5
30.9583,52.3464,27.111
30.8855,52.25965,26.777
30.7813,52.515,26.5
30.7083,52.77805,26.5
30.5729,52.8942,26.5
30.6042,53.21106667,26.5
30.5312,53.49125,26.5
30.4375,53.888,26.5
30.4688,54.54186667,26.5
30.5104,54.5616,26.5
30.5312,54.75456667,26.5
30.4375,54.89521667,26.5
30.4792,55.08695,26.5
30.3854,55.96691667,26.5
30.5104,56.47775,26.5
30.4063,57.13153333,26.5
30.3854,57.61426667,26.5
30.2396,58.14445,26.5
30.0938,59.0321,26.5
30.0416,59.6289,26.5
29.9792,60.23106667,26.5
29.8646,60.25188333,26.5
29.7812,60.68005,26.5
29.6771,60.81291667,26.5
29.6354,61.07351667,26.5
29.5625,61.39265,26.5
29.5313,61.402,26.5
29.375,61.75033333,26.5
29.3542,61.89328333,26.5
29.2709,61.96811667,26.5
29.2396,62.15901667,26.5
29.1667,62.16515,26.5
29.1459,62.28688333,26.5
29.1979,62.01668333,26.5
29.1562,61.92445,26.5
29.1771,61.96605,26.5
29.0521,61.72911667,26.5
29,61.72378333,26.5
29.0312,61.8175,26.5
28.9792,61.86415,26.5
28.9166,61.98228333,26.5
28.9375,61.82861667,26.5
28.8125,61.59376667,26.5
28.8958,61.62471667,29.5
28.9375,61.5478,30.111
28.9167,61.42433333,30.277
28.9792,61.1975,30.5
28.8959,61.80731667,30.611
28.5729,63.49553333,30.611
28.9271,61.11993333,30.888
29.1563,59.89918333,30.777
29.1875,58.98631667,31.111
28.7709,61.62436667,31.111
28.3125,63.68161667,31.888
28.0833,64.49815,31.888
28.3021,65.17358333,31.777
28.3959,65.1964,32
28.5417,65.20521667,32.111
28.75,65.15068333,31.777
29,64.40255,31.5
29.2604,63.06521667,31.277
29.5208,61.3201,31.222
29.6667,60.3472,30.722
29.875,58.907,30.5
30.0417,58.5097,30.777
30.1354,58.20398333,31.777
30.1666,57.39441667,32.277
30.1875,56.72385,32.388
30.4062,54.49875,32.388
30.5521,52.80473333,32
30.5313,52.35816667,32
30.6042,51.70991667,32.611
30.6875,51.97433333,32.722
30.7084,51.83248333,32.388
30.75,51.81841667,32.277
30.75,51.9938,32.5
30.7604,52.68976667,32.5
30.7812,53.34515,31.611
30.7188,54.40243333,28.722
30.6771,54.80711667,27.388
30.8021,54.19166667,28.222
31.1354,52.55788333,28
31.3438,51.3249,27.611
31.5,50.93998333,27.222
31.5729,50.04623333,27.111
31.4167,49.30143333,26.777
31.5521,48.68111667,26.611
31.7812,47.98575,26.5
31.7813,47.59195,26.388
31.7917,47.1716,26.277
31.7291,46.77865,26.222
31.8542,46.38953333,26.222
31.7917,46.2464,26.222
31.3542,48.24655,26.111
30.3021,56.44108333,26
30.0937,57.78041667,26
30.0313,56.99076667,25.888
29.9271,54.84588333,25.388
29.7916,53.40531667,25.111
29.5104,51.98505,25.111
29.4583,51.45483333,25.111
29.3021,51.85146667,25.111
28.9687,51.7706,25.111
28.8958,52.00585,25.111
28.9792,52.36126667,25.111
29.0416,52.06838333,25.111
28.875,51.19091667,25.111
28.75,49.97208333,25.111
28.6875,48.72468333,25.111
28.4792,48.18476667,25.111
28.2812,47.93313333,25.111
28.0729,47.69988333,25.111
27.9896,47.82528333,25.111
27.8229,48.7597,25.111
27.6771,49.53073333,25.111
27.6458,50.69758333,25.111
27.3437,51.6419,25.111
27.1666,52.10158333,25.111
26.9896,52.68081667,25.111
26.8854,53.6656,25.111
26.6875,54.0389,25.111
26.7396,53.69643333,25.111
26.7292,53.06178333,25.111
26.5625,52.98341667,25.111
26.5313,53.0318,25.111
26.4167,53.10753333,25.111
26.3855,52.96941667,25.111
26.3125,52.54546667,25.111
26.25,52.46705,25.111
26.1979,52.35485,25.111
26.2396,52.07116667,25.111
26.125,51.7748,25.111
26.125,51.72003333,25.111
25.9583,51.74015,25.111
25.8125,51.77393333,25.111
25.5,52.12936667,25.111
25.5,52.4373,25.111
25.5312,52.0054,25.111
25.6146,51.44591667,25.111
25.5104,50.99085,26.5
25.4271,50.48546667,26.722
25.3854,50.71815,26.777
25.3125,50.2142,27.388
25.2813,49.37073333,27.777
25.2813,49.13043333,28
25.3542,49.11876667,28.388
25.4688,49.18593333,28.888
25.5833,49.79106667,28.777
25.6667,50.0278,29.277
25.6563,50.15525,29.722
25.7396,49.85185,29.5
25.9687,49.458,30.277
26.1562,49.08141667,30.388
26.3854,48.4588,30.388
26.5208,47.88853333,30.222
26.8021,47.43683333,29.888
27,46.58233333,30.277
27.0937,46.31028333,30.611
27.2188,45.91973333,30.111
27.3854,46.23018333,29.777
27.4583,46.55003333,29.777
27.5938,46.80785,29.722
27.6354,47.12043333,29.611
27.8333,46.70653333,29.277
27.875,46.45223333,29
28.0417,46.06006667,28.388
28.1042,45.90716667,27.888
28.2812,45.14883333,27.5
28.3542,43.64043333,26.888
28.5208,42.517,26.388
28.5104,41.73028333,25.777
28.6146,40.7778,25.277
28.8437,39.69851667,24.777
29.0208,38.99905,24.722
28.8959,38.63328333,24.277
28.8334,38.28723333,24.111
28.8438,38.29583333,24.222
28.9687,38.10665,24.111
28.8333,37.79883333,23.777
28.7813,37.69538333,23.611
28.7812,37.99035,23.222
28.7187,38.22491667,23
28.6042,38.149,23
28.5104,38.63208333,22.888
28.5,39.0947,22.611
28.3229,39.54348333,22.277
28.1563,40.6336,22.388
27.9063,41.6542,22.222
27.875,42.26566667,22
27.6771,42.70763333,21.777
27.5833,42.81323333,21.722
27.3334,42.79638333,21.5
27.0729,42.84771667,21.5
26.9375,43.51108333,21.5
26.7396,44.73531667,21.388
26.6354,46.07866667,21.388
26.6458,47.14571667,21.388
26.7708,47.70671667,21.388
26.7708,47.69476667,21.388
26.6042,47.92673333,21.388
26.7812,48.5393,21.388
26.8021,49.19751667,21.388
26.8021,49.69803333,21.388
26.7396,50.06446667,21.388
26.6875,50.73816667,21.388
26.6979,51.364,21.388
26.5312,51.95228333,21.388
26.4896,52.6862,21.388
26.2812,52.99793333,21.388
26.3125,53.55363333,21.388
26.2812,53.74416667,21.388
26.3229,53.78173333,21.388
26.1563,53.96416667,21.388
26.1771,54.39945,21.388
26.0208,55.0725,21.388
26.0625,55.48018333,21.388
25.9688,56.05863333,21.388
25.9063,56.47046667,21.388
25.7917,56.63216667,21.388
25.8359,56.58768333,21.388
25.8021,56.57548333,21.388
25.6875,56.87428333,21.388
25.7188,57.59676667,21.388
25.6563,58.91688333,21.388
25.6146,60.03403333,21.388
25.625,61.0751,21.388
25.4791,61.80963333,21.388
25.3854,62.0133,21.388
25.3646,62.81276667,21.388
25.1875,63.182,21.388
25.125,63.41896667,21.388
25.0729,63.6601,21.388
25.0156,63.95103333,21.388
25.0313,64.30828333,21.388
24.7396,65.4794,21.388
24.6146,65.95765,19.5
24.5208,66.3045,19.611
24.5208,66.05361667,19.722
24.4895,66.03533333,19.888
24.4687,65.27996667,19.777
24.4583,64.78628333,19.777
24.375,64.36705,19.5
24.2812,63.63275,19.611
24.25,62.66865,19.777
23.9687,61.7144,19.888
23.8438,61.66853333,20
23.8541,61.83036667,20.111
23.8645,62.16946667,20.111
23.7812,62.44518333,20.222
23.8334,62.50688333,20.277
23.875,62.36603333,20.611
23.8646,62.5196,20.888
23.8854,62.4537,21.111
23.9584,62.47911667,21.222
23.875,62.9648,21.277
23.9479,63.42151667,21.388
24.0833,63.06181667,21.388
24.0208,62.97828333,21.388
24.0208,63.01718333,21.722
23.9896,63.5101,22
24.0834,63.74678333,22.222
24.1875,63.20026667,22.277
24.5104,61.55941667,22.722
24.7292,60.67183333,23.111
24.8542,60.5016,23.222
24.9792,60.1654,23.222
25.0625,60.01576667,23.388
25.1875,59.55931667,23.5
25.1979,58.9075,23.5
25.2578,57.98393333,23.388
25.3229,58.59301667,23.222
25.375,58.92526667,23.222
25.4792,59.09785,23.222
25.5104,59.36578333,23.111
25.5417,59.46501667,23
25.6875,59.33665,22.888
25.7083,59.373,22.888
25.7812,59.19941667,22.888
25.8333,59.43803333,22.777
25.7266,61.12928333,22.722
25.5729,62.72468333,22.611
25.5312,63.58566667,22.5
25.4062,64.70083333,22.388
25.2292,65.713,22.277
25.1875,66.52955,22.222
24.9896,67.32433333,22
24.9062,67.94516667,21.888
24.8542,68.19708333,21.888
24.7708,68.4601,21.777
24.7188,68.92605,21.722
24.5833,69.29798333,21.611
24.5625,69.59325,21.611
24.4688,69.81528333,21.611
24.5104,70.17165,21.611
24.3646,70.48153333,21.611
24.3333,70.75683333,21.611
24.3021,71.1008,21.611
24.2708,71.16256667,21.611
24.2396,71.2289,21.611
24.2084,71.10245,21.611
24.0729,71.11838333,21.611
24.0104,71.09526667,21.611
23.9688,71.1063,21.611
23.9166,71.2467,21.611
23.8021,71.33308333,21.611
23.7292,71.58931667,21.611
23.6771,71.85721667,21.611
23.6146,72.14053333,21.611
23.6563,72.22933333,21.611
23.664,72.09765,21.611
23.6458,72.39766667,21.611
23.5833,72.49091667,21.611
23.5625,72.6054,21.611
23.5729,72.68056667,21.611
23.5729,72.68918333,21.611
23.6042,72.96393333,21.611
23.5209,73.33041667,21.611
23.4375,73.45251667,21.611
23.4062,73.6826,21.611
23.4479,73.97445,21.611
23.4896,74.55805,21.611
23.4583,75.48206667,21.611
23.4271,76.35395,21.611
23.4687,77.18321667,21.611
23.4062,77.88138333,21.611
23.4167,78.21701667,21.611
23.2812,78.23396667,21.611
23.3229,78.5573,21.611
23.2708,78.96811667,21.611
23.2292,79.25,21.611
23.25,79.2049,21.611
23.1979,79.24406667,25.277
23.0937,79.21013333,25.722
23.0313,79.44351667,26.277
23.125,79.62911667,26.277
23.1458,79.36236667,27
23.2188,79.48235,27.277
23.2083,79.30021667,27.611
23.25,78.83613333,27.611
23.2813,78.48146667,27.777
23.3021,78.0613,28.111
23.5,77.5839,28.5
23.7344,76.94415,28.722
23.8958,76.224,28.611
24.125,75.45683333,28.722
24.4167,74.86833333,29.388
24.5416,74.14168333,29.388
24.7812,73.56095,29.388
25.0313,72.86958333,29.5
25.2708,71.39586667,29.611
25.4583,70.24671667,29.5
25.625,69.5053,29.888
25.7266,68.7745,30.388
25.8958,67.9954,30.777
26.0313,67.45076667,31.111
26.25,66.26158333,31.111
26.4375,65.3766,31
26.5938,64.43106667,30.722
26.6354,63.79383333,30.777
26.7813,63.33808333,31.111
26.9922,62.8946,30.277
27.0208,62.47895,28.611
27.1771,61.5257,28
27.2396,60.95088333,28.722
27.4167,60.78766667,30
27.5208,60.4264,30.388
27.6459,59.56973333,30
27.7917,57.9972,29.611
28.0625,55.80691667,29.388
28.2187,54.39158333,29.277
28.4167,53.19571667,29.277
28.7188,51.2561,29
28.7396,50.45786667,28.888
28.8125,50.19033333,28.722
28.9063,49.44656667,28.388
28.9896,48.7699,28.222
28.8672,49.88733333,28.111
28.5208,52.10701667,27.888
28.2187,53.31765,27.722
28.1771,51.89243333,27.5
28.3854,50.5347,27.388
28.4896,51.44603333,27.277
28.5104,50.3938,26.888
28.4167,49.78628333,26.5
28.3125,49.33603333,26.388
28.1875,50.35073333,26.722
28.1458,51.0858,27
28.125,51.5223,27
28.0104,52.57521667,27
28.0209,53.4228,27
27.9479,53.94926667,27
27.8542,54.0105,27
27.8229,54.46308333,27
27.8333,54.9243,27
27.7187,55.17845,27
27.6979,54.75355,27
27.6563,54.4124,27
27.625,55.14838333,27
27.375,57.85561667,27
27.3021,59.38263333,27
27.1458,60.74286667,27
27.0938,59.91176667,27
27.1042,58.40791667,27
27.0729,58.26381667,27
26.9479,60.3852,27
26.9271,59.66346667,27
26.8334,58.19013333,27
26.8125,56.763,27
26.6667,55.65723333,27
26.625,55.1063,27
26.5833,55.34623333,27
26.5156,55.7187,27
26.3229,55.64796667,27
26.3438,55.7368,27
26.2604,55.8189,27
26.0834,55.78035,27
25.9687,56.0199,27
26.0417,55.88253333,27
25.8855,55.66128333,27
25.7396,55.65301667,27
25.6875,55.79965,27
25.6563,55.80298333,27
25.5417,56.06945,27
25.4792,55.97655,27
25.4688,56.20626667,27
25.3125,56.14915,27
25.4062,55.47698333,27
25.3854,56.11665,24.111
25.3854,57.15161667,24.388
25.2188,57.57818333,24.5
25.2187,57.67748333,25
25.211,57.68731667,25.277
25.0521,57.7383,25.722
25.0208,57.82311667,26.111
24.9687,58.02828333,26.5
24.8958,58.07753333,27.277
24.8854,57.87288333,28.277
24.8437,58.07231667,28.722
24.8854,58.38381667,28.222
24.8541,58.48631667,28
25.0208,58.6484,28.611
25.1562,59.442,29.111
25.0729,59.76318333,29.722
25.1667,60.24178333,30
25.1875,60.72768333,30
25.1771,61.3601,29.888
25.3125,62.11356667,29.888
25.2813,62.95366667,30
25.4896,62.91475,29.777
25.5834,63.2649,29.777
25.7656,63.43978333,30.388
25.8646,63.83095,30.777
26.125,63.76725,30.277
26.2813,63.68885,29.277
26.2812,63.83233333,28.611
26.4688,63.64856667,27.777
26.5938,63.26881667,27
26.7187,63.38095,27
26.8646,63.22973333,27.388
26.9792,63.21236667,27.5
27.1146,63.21015,27.388
27.1354,63.47443333,27
27.2812,63.29866667,26.611
27.4792,63.5262,26.722
27.4479,63.87668333,27.222
27.5208,63.78796667,27.611
27.6979,63.59323333,27.777
27.9375,63.6623,27.611
27.9375,63.96865,27.222
27.9167,64.61338333,26.722
27.7396,65.04496667,26.388
27.5833,65.76365,26.111
27.5104,67.20598333,26
27.5104,67.95061667,25.777
27.5521,68.61436667,25.277
27.5833,69.36548333,25.111
27.5625,69.97093333,25.111
27.5104,70.30671667,25.111
27.4583,70.6469,25
27.4167,70.8635,25
27.4792,70.45688333,25
27.6146,69.31465,24.777
27.6042,66.54028333,24.722
27.5521,64.8294,24.722
27.5313,64.0228,24.722
27.4583,64.08321667,24.722
27.3333,65.29993333,24.722
27.3438,66.64283333,24.722
27.375,67.77085,24.722
27.3229,68.67633333,24.722
27.3542,69.5336,24.722
27.2292,69.87063333,24.722
27.1771,70.03338333,24.722
27.2083,70.362,24.722
27,71.61301667,24.722
26.8958,72.32448333,24.722
26.8437,73.17231667,24.722
26.6875,74.15808333,24.722
26.5625,75.26181667,24.722
